Workbook

Sheet RelativeCostChange-Energy
A1: Solar | B1: TOU | C1: Steady State Operations | D1: Solar-Responsive | E1: TOU-Responsive
A2: High Solar | B2: High TOU | C2: =('EnergyCosts-$MG'!C2-'EnergyCosts-$MG'!$C$6)/'EnergyCosts-$MG'!$C$6 -> -0.15394244 | D2: =('EnergyCosts-$MG'!D2-'EnergyCosts-$MG'!$C$6)/'EnergyCosts-$MG'!$C$6 -> -0.17148535 | E2: =('EnergyCosts-$MG'!E2-'EnergyCosts-$MG'!$C$6)/'EnergyCosts-$MG'!$C$6 -> -0.13451671
A3: High Solar | B3: Baseline TOU | C3: =('EnergyCosts-$MG'!C3-'EnergyCosts-$MG'!$C$6)/'EnergyCosts-$MG'!$C$6 -> -0.154941 | D3: =('EnergyCosts-$MG'!D3-'EnergyCosts-$MG'!$C$6)/'EnergyCosts-$MG'!$C$6 -> -0.17226639 | E3: =('EnergyCosts-$MG'!E3-'EnergyCosts-$MG'!$C$6)/'EnergyCosts-$MG'!$C$6 -> -0.12998163
A4: High Solar | B4: No TOU | C4: =('EnergyCosts-$MG'!C4-'EnergyCosts-$MG'!$C$6)/'EnergyCosts-$MG'!$C$6 -> -0.15873019 | D4: =('EnergyCosts-$MG'!D4-'EnergyCosts-$MG'!$C$6)/'EnergyCosts-$MG'!$C$6 -> -0.17522028 | E4: =('EnergyCosts-$MG'!E4-'EnergyCosts-$MG'!$C$6)/'EnergyCosts-$MG'!$C$6 -> -0.12249057
A5: Baseline Solar | B5: High TOU | C5: =('EnergyCosts-$MG'!C5-'EnergyCosts-$MG'!$C$6)/'EnergyCosts-$MG'!$C$6 -> -0.00050106365 | D5: =('EnergyCosts-$MG'!D5-'EnergyCosts-$MG'!$C$6)/'EnergyCosts-$MG'!$C$6 -> 0.025013542 | E5: =('EnergyCosts-$MG'!E5-'EnergyCosts-$MG'!$C$6)/'EnergyCosts-$MG'!$C$6 -> 0.066103394
A6: Baseline Solar | B6: Baseline TOU | C6: =('EnergyCosts-$MG'!C6-'EnergyCosts-$MG'!$C$6)/'EnergyCosts-$MG'!$C$6 -> 0 | D6: =('EnergyCosts-$MG'!D6-'EnergyCosts-$MG'!$C$6)/'EnergyCosts-$MG'!$C$6 -> 0.026154771 | E6: =('EnergyCosts-$MG'!E6-'EnergyCosts-$MG'!$C$6)/'EnergyCosts-$MG'!$C$6 -> 0.072711946
A7: Baseline Solar | B7: No TOU | C7: =('EnergyCosts-$MG'!C7-'EnergyCosts-$MG'!$C$6)/'EnergyCosts-$MG'!$C$6 -> -0.00087730717 | D7: =('EnergyCosts-$MG'!D7-'EnergyCosts-$MG'!$C$6)/'EnergyCosts-$MG'!$C$6 -> 0.026927988 | E7: =('EnergyCosts-$MG'!E7-'EnergyCosts-$MG'!$C$6)/'EnergyCosts-$MG'!$C$6 -> 0.084245758
A8: No Solar | B8: High TOU | C8: =('EnergyCosts-$MG'!C8-'EnergyCosts-$MG'!$C$6)/'EnergyCosts-$MG'!$C$6 -> 0.045577177 | D8: =('EnergyCosts-$MG'!D8-'EnergyCosts-$MG'!$C$6)/'EnergyCosts-$MG'!$C$6 -> 0.084020759 | E8: =('EnergyCosts-$MG'!E8-'EnergyCosts-$MG'!$C$6)/'EnergyCosts-$MG'!$C$6 -> 0.12634846
A9: No Solar | B9: Baseline TOU | C9: =('EnergyCosts-$MG'!C9-'EnergyCosts-$MG'!$C$6)/'EnergyCosts-$MG'!$C$6 -> 0.046529376 | D9: =('EnergyCosts-$MG'!D9-'EnergyCosts-$MG'!$C$6)/'EnergyCosts-$MG'!$C$6 -> 0.085739454 | E9: =('EnergyCosts-$MG'!E9-'EnergyCosts-$MG'!$C$6)/'EnergyCosts-$MG'!$C$6 -> 0.13358212
A10: No Solar | B10: No TOU | C10: =('EnergyCosts-$MG'!C10-'EnergyCosts-$MG'!$C$6)/'EnergyCosts-$MG'!$C$6 -> 0.04652581 | D10: =('EnergyCosts-$MG'!D10-'EnergyCosts-$MG'!$C$6)/'EnergyCosts-$MG'!$C$6 -> 0.087634325 | E10: =('EnergyCosts-$MG'!E10-'EnergyCosts-$MG'!$C$6)/'EnergyCosts-$MG'!$C$6 -> 0.14632937

Sheet RelativeCostChange-Demand
A1: Solar | B1: TOU | C1: Steady State Operations | D1: Solar-Responsive | E1: TOU-Responsive
A2: High Solar | B2: High TOU | C2: 0 | D2: =(NetDemandCharges!D2-NetDemandCharges!$C$6)/NetDemandCharges!$C$6 -> 0.020875013 | E2: =(NetDemandCharges!E2-NetDemandCharges!$C$6)/NetDemandCharges!$C$6 -> -0.20067601
A3: High Solar | B3: Baseline TOU | C3: =(NetDemandCharges!C3-NetDemandCharges!$C$6)/NetDemandCharges!$C$6 -> -9.7040098e-05 | D3: =(NetDemandCharges!D3-NetDemandCharges!$C$6)/NetDemandCharges!$C$6 -> 0.020875013 | E3: =(NetDemandCharges!E3-NetDemandCharges!$C$6)/NetDemandCharges!$C$6 -> -0.20067601
A4: High Solar | B4: No TOU | C4: =(NetDemandCharges!C4-NetDemandCharges!$C$6)/NetDemandCharges!$C$6 -> -9.7040098e-05 | D4: =(NetDemandCharges!D4-NetDemandCharges!$C$6)/NetDemandCharges!$C$6 -> 0.020875013 | E4: =(NetDemandCharges!E4-NetDemandCharges!$C$6)/NetDemandCharges!$C$6 -> -0.20067601
A5: Baseline Solar | B5: High TOU | C5: =(NetDemandCharges!C5-NetDemandCharges!$C$6)/NetDemandCharges!$C$6 -> 0 | D5: =(NetDemandCharges!D5-NetDemandCharges!$C$6)/NetDemandCharges!$C$6 -> 0.029488747 | E5: =(NetDemandCharges!E5-NetDemandCharges!$C$6)/NetDemandCharges!$C$6 -> -0.11109863
A6: Baseline Solar | B6: Baseline TOU | C6: =(NetDemandCharges!C6-NetDemandCharges!$C$6)/NetDemandCharges!$C$6 -> 0 | D6: =(NetDemandCharges!D6-NetDemandCharges!$C$6)/NetDemandCharges!$C$6 -> 0.029488747 | E6: =(NetDemandCharges!E6-NetDemandCharges!$C$6)/NetDemandCharges!$C$6 -> -0.11109863
A7: Baseline Solar | B7: No TOU | C7: =(NetDemandCharges!C7-NetDemandCharges!$C$6)/NetDemandCharges!$C$6 -> 0 | D7: =(NetDemandCharges!D7-NetDemandCharges!$C$6)/NetDemandCharges!$C$6 -> 0.029488747 | E7: =(NetDemandCharges!E7-NetDemandCharges!$C$6)/NetDemandCharges!$C$6 -> -0.11109863
A8: No Solar | B8: High TOU | C8: =(NetDemandCharges!C8-NetDemandCharges!$C$6)/NetDemandCharges!$C$6 -> 3.4202315e-05 | D8: =(NetDemandCharges!D8-NetDemandCharges!$C$6)/NetDemandCharges!$C$6 -> 0.044710513 | E8: =(NetDemandCharges!E8-NetDemandCharges!$C$6)/NetDemandCharges!$C$6 -> -0.081032563
A9: No Solar | B9: Baseline TOU | C9: =(NetDemandCharges!C9-NetDemandCharges!$C$6)/NetDemandCharges!$C$6 -> 3.4202315e-05 | D9: =(NetDemandCharges!D9-NetDemandCharges!$C$6)/NetDemandCharges!$C$6 -> 0.044710513 | E9: =(NetDemandCharges!E9-NetDemandCharges!$C$6)/NetDemandCharges!$C$6 -> -0.081032563
A10: No Solar | B10: No TOU | C10: =(NetDemandCharges!C10-NetDemandCharges!$C$6)/NetDemandCharges!$C$6 -> 3.4202315e-05 | D10: =(NetDemandCharges!D10-NetDemandCharges!$C$6)/NetDemandCharges!$C$6 -> 0.044710513 | E10: =(NetDemandCharges!E10-NetDemandCharges!$C$6)/NetDemandCharges!$C$6 -> -0.081032563

Sheet EnergyCosts-Raw
A1: Solar | B1: TOU | C1: Steady State Operations | D1: Solar-Responsive | E1: TOU-Responsive
A2: High Solar | B2: High TOU | C2: ='RESULTS-Steady'!H4 -> 4744.75 | D2: 4232.49 | E2: ='RESULTS-TOU'!H3 -> 4236.69
A3: High Solar | B3: Baseline TOU | C3: ='RESULTS-Steady'!H5 -> 4739.15 | D3: 4228.75 | E3: ='RESULTS-TOU'!H4 -> 4258.89
A4: High Solar | B4: No TOU | C4: ='RESULTS-Steady'!H6 -> 4717.9 | D4: 4213.41 | E4: ='RESULTS-TOU'!H5 -> 4295.56
A5: Baseline Solar | B5: High TOU | C5: ='RESULTS-Steady'!H7 -> 5605.26 | D5: 5236.31 | E5: ='RESULTS-TOU'!H6 -> 5218.76
A6: Baseline Solar | B6: Baseline TOU | C6: ='RESULTS-Steady'!H8 -> 5608.07 | D6: 5242.14 | E6: ='RESULTS-TOU'!H7 -> 5251.11
A7: Baseline Solar | B7: No TOU | C7: ='RESULTS-Steady'!H9 -> 5603.15 | D7: 5246.09 | E7: ='RESULTS-TOU'!H8 -> 5307.57
A8: No Solar | B8: High TOU | C8: ='RESULTS-Steady'!H10 -> 5863.67 | D8: 5537.75 | E8: ='RESULTS-TOU'!H9 -> 5513.67
A9: No Solar | B9: Baseline TOU | C9: ='RESULTS-Steady'!H11 -> 5869.01 | D9: 5546.53 | E9: ='RESULTS-TOU'!H10 -> 5549.08
A10: No Solar | B10: No TOU | C10: ='RESULTS-Steady'!H12 -> 5868.99 | D10: 5556.21 | E10: ='RESULTS-TOU'!H11 -> 5611.48
B14: Scenario | C14: TotalEnergy(kWh) | D14: OnPeakDem(kW) | E14: OffPeakDem(kW) | F14: OnPeakCharge($) | G14: OffPeakCharge($) | H14: TotalDemCharge($) | I14: TotalOpex($)
B15: -------------------------------------------------------------------------------------------------------------------------------------------------------------------------------
B16: HighTOU_baseSolar | C16: 141847.76 | D16: 1382.19 | E16: 1395.41 | F16: 4519.82 | G16: 33032.26 | H16: 37552.08 | I16: 5236.31
B17: HighTOU_noSolar | C17: 150233.87 | D17: 1382.21 | E17: 1418.91 | F17: 4519.82 | G17: 33032.26 | H17: 37552.08 | I17: 5537.75
B18: baseTOU_HighSolar | C18: 113922.04 | D18: 1382.12 | E18: 1382.12 | F18: 4519.82 | G18: 33032.26 | H18: 37552.08 | I18: 4228.5
B19: baseTOU_NoSolar | C19: 150233.87 | D19: 1382.21 | E19: 1418.91 | F19: 4519.82 | G19: 33032.26 | H19: 37552.08 | I19: 5546.53
B20: highTOU_HighSolar | C20: 113922.04 | D20: 1382.12 | E20: 1382.12 | F20: 4519.82 | G20: 33032.26 | H20: 37552.08 | I20: 4232.49
B21: baseline | C21: 141847.76 | D21: 1382.19 | E21: 1395.41 | F21: 4519.82 | G21: 33032.26 | H21: 37552.08 | I21: 5242.14
B22: staticTOU_BaseSolar | C22: 141847.76 | D22: 1382.19 | E22: 1395.41 | F22: 4519.82 | G22: 33032.26 | H22: 37552.08 | I22: 5246.09
B23: staticTOU_HighSolar | C23: 113922.04 | D23: 1382.12 | E23: 1382.12 | F23: 4519.82 | G23: 33032.26 | H23: 37552.08 | I23: 4213.41
B24: staticTOU_NoSolar | C24: 150233.87 | D24: 1382.21 | E24: 1418.91 | F24: 4519.82 | G24: 33032.26 | H24: 37552.08 | I24: 5556.21

Sheet EnergyCosts-$MG
A1: Solar | B1: TOU | C1: Steady State Operations | D1: Solar-Responsive | E1: TOU-Responsive
A2: High Solar | B2: High TOU | C2: ='RESULTS-Steady'!H4/PermeateProduction!B$2 -> 72.49427 | D2: ='RESULTS-SolarResponse'!H3/PermeateProduction!B$3 -> 70.99111 | E2: ='RESULTS-TOU'!H3/PermeateProduction!B$4 -> 74.158761
A3: High Solar | B3: Baseline TOU | C3: ='RESULTS-Steady'!H5/PermeateProduction!B$2 -> 72.408709 | D3: ='RESULTS-SolarResponse'!H4/PermeateProduction!B$3 -> 70.924187 | E3: ='RESULTS-TOU'!H4/PermeateProduction!B$4 -> 74.547348
A4: High Solar | B4: No TOU | C4: ='RESULTS-Steady'!H6/PermeateProduction!B$2 -> 72.084034 | D4: ='RESULTS-SolarResponse'!H5/PermeateProduction!B$3 -> 70.671084 | E4: ='RESULTS-TOU'!H5/PermeateProduction!B$4 -> 75.189218
A5: Baseline Solar | B5: High TOU | C5: ='RESULTS-Steady'!H7/PermeateProduction!B$2 -> 85.641864 | D5: ='RESULTS-SolarResponse'!H6/PermeateProduction!B$3 -> 87.828078 | E5: ='RESULTS-TOU'!H6/PermeateProduction!B$4 -> 91.348853
A6: Baseline Solar | B6: Baseline TOU | C6: ='RESULTS-Steady'!H8/PermeateProduction!B$2 -> 85.684798 | D6: ='RESULTS-SolarResponse'!H7/PermeateProduction!B$3 -> 87.925864 | E6: ='RESULTS-TOU'!H7/PermeateProduction!B$4 -> 91.915106
A7: Baseline Solar | B7: No TOU | C7: ='RESULTS-Steady'!H9/PermeateProduction!B$2 -> 85.609626 | D7: ='RESULTS-SolarResponse'!H8/PermeateProduction!B$3 -> 87.992117 | E7: ='RESULTS-TOU'!H8/PermeateProduction!B$4 -> 92.903378
A8: No Solar | B8: High TOU | C8: ='RESULTS-Steady'!H10/PermeateProduction!B$2 -> 89.590069 | D8: ='RESULTS-SolarResponse'!H9/PermeateProduction!B$3 -> 92.884099 | E8: ='RESULTS-TOU'!H9/PermeateProduction!B$4 -> 96.51094
A9: No Solar | B9: Baseline TOU | C9: ='RESULTS-Steady'!H11/PermeateProduction!B$2 -> 89.671658 | D9: ='RESULTS-SolarResponse'!H10/PermeateProduction!B$3 -> 93.031365 | E9: ='RESULTS-TOU'!H10/PermeateProduction!B$4 -> 97.130754
A10: No Solar | B10: No TOU | C10: ='RESULTS-Steady'!H12/PermeateProduction!B$2 -> 89.671352 | D10: ='RESULTS-SolarResponse'!H11/PermeateProduction!B$3 -> 93.193727 | E10: ='RESULTS-TOU'!H11/PermeateProduction!B$4 -> 98.223

Sheet EnergyIntensity-kWhMG
A1: Solar | B1: Steady State Operations | C1: Solar-Responsive | D1: TOU-Responsive
A2: High Solar | B2: ='RESULTS-Steady'!B5/PermeateProduction!B$2 -> 1869.8141 | C2: ='RESULTS-SolarResponse'!B4/PermeateProduction!B$3 -> 1910.8024 | D2: ='RESULTS-TOU'!B3/PermeateProduction!B$4 -> 2020.2421
A3: Baseline Solar | B3: ='RESULTS-Steady'!B8/PermeateProduction!B$2 -> 2296.4868 | C3: ='RESULTS-SolarResponse'!B7/PermeateProduction!B$3 -> 2379.1976 | D3: ='RESULTS-TOU'!B6/PermeateProduction!B$4 -> 2509.0523
A4: No Solar | B4: ='RESULTS-Steady'!B11/PermeateProduction!B$2 -> 2424.6167 | C4: ='RESULTS-SolarResponse'!B10/PermeateProduction!B$3 -> 2519.8569 | D4: ='RESULTS-TOU'!B9/PermeateProduction!B$4 -> 2655.8421

Sheet OnPeakDemandCharge
C1: Steady State Operations | D1: Solar-Responsive | E1: TOU-Responsive
A2: High Solar | B2: High TOU | C2: ='RESULTS-Steady'!C4*3.27 -> 4341.8733 | D2: ='RESULTS-SolarResponse'!C3*3.27 -> 4519.5324 | E2: ='RESULTS-TOU'!C3*3.27 -> -0.2943
B3: Baseline TOU | C3: ='RESULTS-Steady'!C5*3.27 -> 4341.8733 | D3: ='RESULTS-SolarResponse'!C4*3.27 -> 4519.5324 | E3: ='RESULTS-TOU'!C4*3.27 -> -0.2943
B4: No TOU | C4: ='RESULTS-Steady'!C6*3.27 -> 4341.8733 | D4: ='RESULTS-SolarResponse'!C5*3.27 -> 4519.5324 | E4: ='RESULTS-TOU'!C5*3.27 -> -0.2943
A5: Baseline Solar | B5: High TOU | C5: ='RESULTS-Steady'!C7*3.27 -> 4342.1022 | D5: ='RESULTS-SolarResponse'!C6*3.27 -> 4519.7613 | E5: ='RESULTS-TOU'!C6*3.27 -> -0.0654
B6: Baseline TOU | C6: ='RESULTS-Steady'!C8*3.27 -> 4342.1022 | D6: ='RESULTS-SolarResponse'!C7*3.27 -> 4519.7613 | E6: ='RESULTS-TOU'!C7*3.27 -> -0.0654
B7: No TOU | C7: ='RESULTS-Steady'!C9*3.27 -> 4342.1022 | D7: ='RESULTS-SolarResponse'!C8*3.27 -> 4519.7613 | E7: ='RESULTS-TOU'!C8*3.27 -> -0.0654
A8: No Solar | B8: High TOU | C8: ='RESULTS-Steady'!C10*3.27 -> 4342.1676 | D8: ='RESULTS-SolarResponse'!C9*3.27 -> 4519.8267 | E8: ='RESULTS-TOU'!C9*3.27 -> 0
B9: Baseline TOU | C9: ='RESULTS-Steady'!C11*3.27 -> 4342.1676 | D9: ='RESULTS-SolarResponse'!C10*3.27 -> 4519.8267 | E9: ='RESULTS-TOU'!C10*3.27 -> 0
B10: No TOU | C10: ='RESULTS-Steady'!C12*3.27 -> 4342.1676 | D10: ='RESULTS-SolarResponse'!C11*3.27 -> 4519.8267 | E10: ='RESULTS-TOU'!C11*3.27 -> 0

Sheet OffPeakDemandCharges
C1: Steady State Operations | D1: Solar-Responsive | E1: TOU-Responsive
A2: High Solar | B2: High TOU | C2: ='RESULTS-Steady'!D4 * 23.28 -> 31599.574 | D2: ='RESULTS-SolarResponse'!D3 * 23.28 -> 32175.754 | E2: ='RESULTS-TOU'!D3*23.28 -> 28731.943
B3: Baseline TOU | C3: ='RESULTS-Steady'!D5 * 23.28 -> 31599.574 | D3: ='RESULTS-SolarResponse'!D4 * 23.28 -> 32175.754 | E3: ='RESULTS-TOU'!D4*23.28 -> 28731.943
B4: No TOU | C4: ='RESULTS-Steady'!D6 * 23.28 -> 31599.574 | D4: ='RESULTS-SolarResponse'!D5 * 23.28 -> 32175.754 | E4: ='RESULTS-TOU'!D5*23.28 -> 28731.943
A5: Baseline Solar | B5: High TOU | C5: ='RESULTS-Steady'!D7 * 23.28 -> 31602.833 | D5: ='RESULTS-SolarResponse'!D6 * 23.28 -> 32485.145 | E5: ='RESULTS-TOU'!D6*23.28 -> 31951.567
B6: Baseline TOU | C6: ='RESULTS-Steady'!D8 * 23.28 -> 31602.833 | D6: ='RESULTS-SolarResponse'!D7 * 23.28 -> 32485.145 | E6: ='RESULTS-TOU'!D7*23.28 -> 31951.567
B7: No TOU | C7: ='RESULTS-Steady'!D9 * 23.28 -> 31602.833 | D7: ='RESULTS-SolarResponse'!D8 * 23.28 -> 32485.145 | E7: ='RESULTS-TOU'!D8*23.28 -> 31951.567
A8: No Solar | B8: High TOU | C8: ='RESULTS-Steady'!D10 * 23.28 -> 31603.997 | D8: ='RESULTS-SolarResponse'!D9 * 23.28 -> 33032.225 | E8: ='RESULTS-TOU'!D9*23.28 -> 33032.225
B9: Baseline TOU | C9: ='RESULTS-Steady'!D11 * 23.28 -> 31603.997 | D9: ='RESULTS-SolarResponse'!D10 * 23.28 -> 33032.225 | E9: ='RESULTS-TOU'!D10*23.28 -> 33032.225
B10: No TOU | C10: ='RESULTS-Steady'!D12 * 23.28 -> 31603.997 | D10: ='RESULTS-SolarResponse'!D11 * 23.28 -> 33032.225 | E10: ='RESULTS-TOU'!D11*23.28 -> 33032.225

Sheet NetDemandCharges
C1: Steady State Operations | D1: Solar-Responsive | E1: TOU-Responsive
A2: High Solar | B2: High TOU | C2: =OnPeakDemandCharge!C2+OffPeakDemandCharges!C2 -> 35941.447 | D2: =OnPeakDemandCharge!D2+OffPeakDemandCharges!D2 -> 36695.286 | E2: =OnPeakDemandCharge!E2+OffPeakDemandCharges!E2 -> 28731.649
B3: Baseline TOU | C3: =OnPeakDemandCharge!C3+OffPeakDemandCharges!C3 -> 35941.447 | D3: =OnPeakDemandCharge!D3+OffPeakDemandCharges!D3 -> 36695.286 | E3: =OnPeakDemandCharge!E3+OffPeakDemandCharges!E3 -> 28731.649
B4: No TOU | C4: =OnPeakDemandCharge!C4+OffPeakDemandCharges!C4 -> 35941.447 | D4: =OnPeakDemandCharge!D4+OffPeakDemandCharges!D4 -> 36695.286 | E4: =OnPeakDemandCharge!E4+OffPeakDemandCharges!E4 -> 28731.649
A5: Baseline Solar | B5: High TOU | C5: =OnPeakDemandCharge!C5+OffPeakDemandCharges!C5 -> 35944.935 | D5: =OnPeakDemandCharge!D5+OffPeakDemandCharges!D5 -> 37004.906 | E5: =OnPeakDemandCharge!E5+OffPeakDemandCharges!E5 -> 31951.502
B6: Baseline TOU | C6: =OnPeakDemandCharge!C6+OffPeakDemandCharges!C6 -> 35944.935 | D6: =OnPeakDemandCharge!D6+OffPeakDemandCharges!D6 -> 37004.906 | E6: =OnPeakDemandCharge!E6+OffPeakDemandCharges!E6 -> 31951.502
B7: No TOU | C7: =OnPeakDemandCharge!C7+OffPeakDemandCharges!C7 -> 35944.935 | D7: =OnPeakDemandCharge!D7+OffPeakDemandCharges!D7 -> 37004.906 | E7: =OnPeakDemandCharge!E7+OffPeakDemandCharges!E7 -> 31951.502
A8: No Solar | B8: High TOU | C8: =OnPeakDemandCharge!C8+OffPeakDemandCharges!C8 -> 35946.164 | D8: =OnPeakDemandCharge!D8+OffPeakDemandCharges!D8 -> 37552.052 | E8: =OnPeakDemandCharge!E8+OffPeakDemandCharges!E8 -> 33032.225
B9: Baseline TOU | C9: =OnPeakDemandCharge!C9+OffPeakDemandCharges!C9 -> 35946.164 | D9: =OnPeakDemandCharge!D9+OffPeakDemandCharges!D9 -> 37552.052 | E9: =OnPeakDemandCharge!E9+OffPeakDemandCharges!E9 -> 33032.225
B10: No TOU | C10: =OnPeakDemandCharge!C10+OffPeakDemandCharges!C10 -> 35946.164 | D10: =OnPeakDemandCharge!D10+OffPeakDemandCharges!D10 -> 37552.052 | E10: =OnPeakDemandCharge!E10+OffPeakDemandCharges!E10 -> 33032.225

Sheet RESULTS-SolarResponse
A1: Scenario | B1: TotalEnergy(kWh) | C1: OnPeakDem(kW) | D1: OffPeakDem(kW) | E1: OnPeakCharge($) | F1: OffPeakCharge($) | G1: TotalDemCharge($) | H1: TotalOpex($)
A2: -------------------------------------------------------------------------------------------------------------------------------------------------------------------------------
A3: highTOU_HighSolar | B3: 113922.04 | C3: 1382.12 | D3: 1382.12 | E3: 4519.82 | F3: 33032.26 | G3: 37552.08 | H3: 4232.49
A4: baseTOU_HighSolar | B4: 113922.04 | C4: 1382.12 | D4: 1382.12 | E4: 4519.82 | F4: 33032.26 | G4: 37552.08 | H4: 4228.5
A5: staticTOU_HighSolar | B5: 113922.04 | C5: 1382.12 | D5: 1382.12 | E5: 4519.82 | F5: 33032.26 | G5: 37552.08 | H5: 4213.41
A6: HighTOU_baseSolar | B6: 141847.76 | C6: 1382.19 | D6: 1395.41 | E6: 4519.82 | F6: 33032.26 | G6: 37552.08 | H6: 5236.31
A7: baseline | B7: 141847.76 | C7: 1382.19 | D7: 1395.41 | E7: 4519.82 | F7: 33032.26 | G7: 37552.08 | H7: 5242.14
A8: staticTOU_BaseSolar | B8: 141847.76 | C8: 1382.19 | D8: 1395.41 | E8: 4519.82 | F8: 33032.26 | G8: 37552.08 | H8: 5246.09
A9: HighTOU_noSolar | B9: 150233.87 | C9: 1382.21 | D9: 1418.91 | E9: 4519.82 | F9: 33032.26 | G9: 37552.08 | H9: 5537.75
A10: baseTOU_NoSolar | B10: 150233.87 | C10: 1382.21 | D10: 1418.91 | E10: 4519.82 | F10: 33032.26 | G10: 37552.08 | H10: 5546.53
A11: staticTOU_NoSolar | B11: 150233.87 | C11: 1382.21 | D11: 1418.91 | E11: 4519.82 | F11: 33032.26 | G11: 37552.08 | H11: 5556.21
A12: -------------------------------------------------------------------------------------------------------------------------------------------------------------------------------
A13: Total Permeate Produced: 59.62 MGTotal Brine Produced: 4.77 MG>>

Sheet RESULTS-TOU
A1: Scenario | B1: TotalEnergy(kWh) | C1: OnPeakDem(kW) | D1: OffPeakDem(kW) | E1: OnPeakCharge($) | F1: OffPeakCharge($) | G1: TotalDemCharge($) | H1: TotalOpex($)
A2: -------------------------------------------------------------------------------------------------------------------------------------------------------------------------------
A3: highTOU_HighSolar | B3: 115416.43 | C3: -0.09 | D3: 1234.19 | E3: -0.29 | F3: 28732.04 | G3: 28731.75 | H3: 4236.69
A4: baseTOU_HighSolar | B4: 115416.43 | C4: -0.09 | D4: 1234.19 | E4: -0.29 | F4: 28732.04 | G4: 28731.75 | H4: 4258.89
A5: staticTOU_HighSolar | B5: 115416.43 | C5: -0.09 | D5: 1234.19 | E5: -0.29 | F5: 28732.04 | G5: 28731.75 | H5: 4295.56
A6: HighTOU_baseSolar | B6: 143342.16 | C6: -0.02 | D6: 1372.49 | E6: -0.07 | F6: 31951.67 | G6: 31951.6 | H6: 5218.76
A7: baseline | B7: 143342.16 | C7: -0.02 | D7: 1372.49 | E7: -0.07 | F7: 31951.67 | G7: 31951.6 | H7: 5251.11
A8: staticTOU_BaseSolar | B8: 143342.16 | C8: -0.02 | D8: 1372.49 | E8: -0.07 | F8: 31951.67 | G8: 31951.6 | H8: 5307.57
A9: HighTOU_noSolar | B9: 151728.26 | C9: 0 | D9: 1418.91 | E9: 0 | F9: 33032.26 | G9: 33032.26 | H9: 5513.67
A10: baseTOU_NoSolar | B10: 151728.26 | C10: 0 | D10: 1418.91 | E10: 0 | F10: 33032.26 | G10: 33032.26 | H10: 5549.08
A11: staticTOU_NoSolar | B11: 151728.26 | C11: 0 | D11: 1418.91 | E11: 0 | F11: 33032.26 | G11: 33032.26 | H11: 5611.48
A12: -------------------------------------------------------------------------------------------------------------------------------------------------------------------------------
A13: Total | B13: Permeate | C13: Produced: | D13: 57.13 | E13: MGTotal | F13: Brine | G13: Produced: | H13: 4.66
I29: MG>>
W32: Pre-Startup Stabilization Results
W33: Scenario | X33: TotalEnergy(kWh) | Y33: OnPeakDem(kW) | Z33: OffPeakDem(kW) | AA33: OnPeakCharge($) | AB33: OffPeakCharge($) | AC33: TotalDemCharge($) | AD33: TotalOpex($)
W34: -------------------------------------------------------------------------------------------------------------------------------------------------------------------------------
W35: highTOU_HighSolar | X35: 118530.69 | Y35: -0.09 | Z35: 1234.19 | AA35: 4519.82 | AB35: 33032.26 | AC35: 37552.08 | AD35: 4351.61
W36: baseTOU_HighSolar | X36: 118530.69 | Y36: -0.09 | Z36: 1234.19 | AA36: 4519.82 | AB36: 33032.26 | AC36: 37552.08 | AD36: 4373.99
W37: staticTOU_HighSolar | X37: 118530.69 | Y37: -0.09 | Z37: 1234.19 | AA37: 4519.82 | AB37: 33032.26 | AC37: 37552.08 | AD37: 4410.74
W38: HighTOU_baseSolar | X38: 146456.41 | Y38: -0.02 | Z38: 1372.49 | AA38: 4519.82 | AB38: 33032.26 | AC38: 37552.08 | AD38: 5333.67
W39: baseline | X39: 146456.41 | Y39: -0.02 | Z39: 1372.49 | AA39: 4519.82 | AB39: 33032.26 | AC39: 37552.08 | AD39: 5366.22
W40: staticTOU_BaseSolar | X40: 146456.41 | Y40: -0.02 | Z40: 1372.49 | AA40: 4519.82 | AB40: 33032.26 | AC40: 37552.08 | AD40: 5422.75
W41: HighTOU_noSolar | X41: 154842.52 | Y41: 0 | Z41: 1418.91 | AA41: 4519.82 | AB41: 33032.26 | AC41: 37552.08 | AD41: 5628.59
W42: baseTOU_NoSolar | X42: 154842.52 | Y42: 0 | Z42: 1418.91 | AA42: 4519.82 | AB42: 33032.26 | AC42: 37552.08 | AD42: 5664.18
W43: staticTOU_NoSolar | X43: 154842.52 | Y43: 0 | Z43: 1418.91 | AA43: 4519.82 | AB43: 33032.26 | AC43: 37552.08 | AD43: 5726.65
W44: -------------------------------------------------------------------------------------------------------------------------------------------------------------------------------
W45: Total Permeate Produced: 59.51 MGTotal Brine Produced: 4.76 MG>>

Sheet RESULTS-Steady
A2: Scenario | B2: TotalEnergy(kWh) | C2: OnPeakDem(kW) | D2: OffPeakDem(kW) | E2: OnPeakCharge($) | F2: OffPeakCharge($) | G2: TotalDemCharge($) | H2: TotalOpex($)
A3: -------------------------------------------------------------------------------------------------------------------------------------------------------------------------------
A4: highTOU_HighSolar | B4: 122379.33 | C4: 1327.79 | D4: 1357.37 | E4: 4519.82 | F4: 33032.26 | G4: 37552.08 | H4: 4744.75
A5: baseTOU_HighSolar | B5: 122379.33 | C5: 1327.79 | D5: 1357.37 | E5: 4519.82 | F5: 33032.26 | G5: 37552.08 | H5: 4739.15
A6: staticTOU_HighSolar | B6: 122379.33 | C6: 1327.79 | D6: 1357.37 | E6: 4519.82 | F6: 33032.26 | G6: 37552.08 | H6: 4717.9
A7: HighTOU_baseSolar | B7: 150305.06 | C7: 1327.86 | D7: 1357.51 | E7: 4519.82 | F7: 33032.26 | G7: 37552.08 | H7: 5605.26
A8: baseline | B8: 150305.06 | C8: 1327.86 | D8: 1357.51 | E8: 4519.82 | F8: 33032.26 | G8: 37552.08 | H8: 5608.07
A9: staticTOU_BaseSolar | B9: 150305.06 | C9: 1327.86 | D9: 1357.51 | E9: 4519.82 | F9: 33032.26 | G9: 37552.08 | H9: 5603.15
A10: HighTOU_noSolar | B10: 158691.16 | C10: 1327.88 | D10: 1357.56 | E10: 4519.82 | F10: 33032.26 | G10: 37552.08 | H10: 5863.67
A11: baseTOU_NoSolar | B11: 158691.16 | C11: 1327.88 | D11: 1357.56 | E11: 4519.82 | F11: 33032.26 | G11: 37552.08 | H11: 5869.01
A12: staticTOU_NoSolar | B12: 158691.16 | C12: 1327.88 | D12: 1357.56 | E12: 4519.82 | F12: 33032.26 | G12: 37552.08 | H12: 5868.99
A13: -------------------------------------------------------------------------------------------------------------------------------------------------------------------------------
A14: Total Permeate Produced: 65.45 MGTotal Brine Produced: 5.24 MG>>

Sheet PermeateProduction
B1: Permeate Production | C1: Brine Production | D1: Total Recovery
A2: SteadyState | B2: 65.45 | C2: 5.24 | D2: =B2/(B2+C2) -> 0.92587353
A3: Modular Shutdown: Solar | B3: 59.62 | C3: 4.77 | D3: =B3/(B3+C3) -> 0.92592017
A4: Modular Shutdown: TOU | B4: 57.13 | C4: 4.66 | D4: =B4/(B4+C4) -> 0.92458327
